-- MySQL Script generated by MySQL Workbench
-- Thu Sep 26 12:08:58 2019
-- Model: New Model    Version: 1.0
-- MySQL Workbench Forward Engineering

SET @OLD_UNIQUE_CHECKS=@@UNIQUE_CHECKS, UNIQUE_CHECKS=0;
SET @OLD_FOREIGN_KEY_CHECKS=@@FOREIGN_KEY_CHECKS, FOREIGN_KEY_CHECKS=0;
SET @OLD_SQL_MODE=@@SQL_MODE, SQL_MODE='ONLY_FULL_GROUP_BY,STRICT_TRANS_TABLES,NO_ZERO_IN_DATE,NO_ZERO_DATE,ERROR_FOR_DIVISION_BY_ZERO,NO_ENGINE_SUBSTITUTION';

-- -----------------------------------------------------
-- Schema DAM
-- -----------------------------------------------------

-- -----------------------------------------------------
-- Schema DAM
-- -----------------------------------------------------
CREATE SCHEMA IF NOT EXISTS `DAM` DEFAULT CHARACTER SET utf8 ;
USE `DAM` ;

-- -----------------------------------------------------
-- Table `DAM`.`Electrovalvulas`
-- -----------------------------------------------------
DROP TABLE IF EXISTS `DAM`.`Electrovalvulas` ;

CREATE TABLE IF NOT EXISTS `DAM`.`Electrovalvulas` (
  `electrovalvulaId` INT NOT NULL AUTO_INCREMENT,
  `nombre` VARCHAR(45) NULL,
  PRIMARY KEY (`electrovalvulaId`))
ENGINE = InnoDB;

INSERT INTO `Electrovalvulas` (`electrovalvulaId`, `nombre`) VALUES
(1, 'Válvula A'),
(2, 'Válvula B'),
(3, 'Válvula C'),
(4, 'Válvula D'),
(5, 'Válvula E'),
(6, 'Válvula F'),
(7, 'Válvula G');

-- -----------------------------------------------------
-- Table `DAM`.`Dispositivos`
-- -----------------------------------------------------
DROP TABLE IF EXISTS `DAM`.`Dispositivos` ;

CREATE TABLE IF NOT EXISTS `DAM`.`Dispositivos` (
  `dispositivoId` INT NOT NULL AUTO_INCREMENT,
  `nombre` VARCHAR(200) NULL,
  `ubicacion` VARCHAR(200) NULL,
  `electrovalvulaId` INT NOT NULL,
  PRIMARY KEY (`dispositivoId`, `electrovalvulaId`),
  INDEX `fk_Dispositivos_Electrovalvulas1_idx` (`electrovalvulaId` ASC) ,
  CONSTRAINT `fk_Dispositivos_Electrovalvulas1`
    FOREIGN KEY (`electrovalvulaId`)
    REFERENCES `DAM`.`Electrovalvulas` (`electrovalvulaId`)
    ON DELETE NO ACTION
    ON UPDATE NO ACTION)
ENGINE = InnoDB;

INSERT INTO `Dispositivos` (`dispositivoId`, `nombre`, `ubicacion`, `electrovalvulaId`) VALUES
(1, 'Sensor 1', 'Tomate redondo', '1'),
(2, 'Sensor 2', 'Tomate cherry', '2'),
(3, 'Sensor 3', 'Lechuga crespa', '3'),
(4, 'Sensor 4', 'Lechuga romana', '4'),
(5, 'Sensor 5', 'Rúcula', '5'),
(6, 'Sensor 6', 'Albahaca', '6'),
(7, 'Sensor 7', 'Zapallo', '7');

-- -----------------------------------------------------
-- Table `DAM`.`Mediciones`
-- -----------------------------------------------------
DROP TABLE IF EXISTS `DAM`.`Mediciones` ;

CREATE TABLE IF NOT EXISTS `DAM`.`Mediciones` (
  `medicionId` INT NOT NULL AUTO_INCREMENT,
  `fecha` DATETIME NULL,
  `valor` VARCHAR(100) NULL,
  `dispositivoId` INT NOT NULL,
  PRIMARY KEY (`medicionId`, `dispositivoId`),
  INDEX `fk_Mediciones_Dispositivos_idx` (`dispositivoId` ASC) ,
  CONSTRAINT `fk_Mediciones_Dispositivos`
    FOREIGN KEY (`dispositivoId`)
    REFERENCES `DAM`.`Dispositivos` (`dispositivoId`)
    ON DELETE NO ACTION
    ON UPDATE NO ACTION)
ENGINE = InnoDB;

INSERT INTO `Mediciones` (`medicionId`, `fecha`, `valor`, `dispositivoId`) VALUES
(1, '2020-12-09 16:00:00', '51', '1'),
(2, '2020-12-09 16:00:00', '66', '2'),
(3, '2020-12-09 16:00:00', '47', '3'),
(4, '2020-12-09 16:00:00', '38', '4'),
(5, '2020-12-09 16:00:00', '30', '5'),
(6, '2020-12-09 16:00:00', '15', '6'),
(7, '2020-12-09 16:00:00', '20', '7');

-- -----------------------------------------------------
-- Table `DAM`.`Log_Riegos`
-- -----------------------------------------------------
DROP TABLE IF EXISTS `DAM`.`Log_Riegos` ;

CREATE TABLE IF NOT EXISTS `DAM`.`Log_Riegos` (
  `logRiegoId` INT NOT NULL AUTO_INCREMENT,
  `apertura` TINYINT NULL,
  `fecha` DATETIME NULL,
  `electrovalvulaId` INT NOT NULL,
  PRIMARY KEY (`logRiegoId`, `electrovalvulaId`),
  INDEX `fk_Log_Riegos_Electrovalvulas1_idx` (`electrovalvulaId` ASC) ,
  CONSTRAINT `fk_Log_Riegos_Electrovalvulas1`
    FOREIGN KEY (`electrovalvulaId`)
    REFERENCES `DAM`.`Electrovalvulas` (`electrovalvulaId`)
    ON DELETE NO ACTION
    ON UPDATE NO ACTION)
ENGINE = InnoDB;

INSERT INTO `Log_Riegos` (`logRiegoId`, `apertura`, `fecha`, `electrovalvulaId`) VALUES
(1, '0', '2020-12-09 16:00:00', '1'),
(2, '0', '2020-12-09 16:00:00', '2'),
(3, '1', '2020-12-09 14:00:00', '2'),
(4, '0', '2020-12-09 16:00:00', '3'),
(5, '0', '2020-12-09 16:00:00', '4'),
(6, '0', '2020-12-09 16:00:00', '5'),
(7, '0', '2020-12-09 16:00:00', '6'),
(8, '0', '2020-12-09 16:00:00', '7');

SET SQL_MODE=@OLD_SQL_MODE;
SET FOREIGN_KEY_CHECKS=@OLD_FOREIGN_KEY_CHECKS;
SET UNIQUE_CHECKS=@OLD_UNIQUE_CHECKS;
