-- MySQL Script generated by MySQL Workbench
-- Thu Sep 26 12:08:58 2019
-- Model: New Model    Version: 1.0
-- MySQL Workbench Forward Engineering

SET @OLD_UNIQUE_CHECKS=@@UNIQUE_CHECKS, UNIQUE_CHECKS=0;
SET @OLD_FOREIGN_KEY_CHECKS=@@FOREIGN_KEY_CHECKS, FOREIGN_KEY_CHECKS=0;
SET @OLD_SQL_MODE=@@SQL_MODE, SQL_MODE='ONLY_FULL_GROUP_BY,STRICT_TRANS_TABLES,NO_ZERO_IN_DATE,NO_ZERO_DATE,ERROR_FOR_DIVISION_BY_ZERO,NO_ENGINE_SUBSTITUTION';

-- -----------------------------------------------------
-- Schema DAM
-- -----------------------------------------------------

-- -----------------------------------------------------
-- Schema DAM
-- -----------------------------------------------------
CREATE SCHEMA IF NOT EXISTS `DAM` DEFAULT CHARACTER SET utf8 ;
USE `DAM` ;

-- -----------------------------------------------------
-- Table `DAM`.`Electrovalvulas`
-- -----------------------------------------------------
DROP TABLE IF EXISTS `DAM`.`Electrovalvulas` ;

CREATE TABLE IF NOT EXISTS `DAM`.`Electrovalvulas` (
  `electrovalvulaId` INT NOT NULL AUTO_INCREMENT,
  `nombre` VARCHAR(45) NULL,
  PRIMARY KEY (`electrovalvulaId`))
ENGINE = InnoDB;

INSERT INTO `Electrovalvulas` (`electrovalvulaId`, `nombre`) VALUES
(1, 'Tomate'),
(2, 'Lechuga'),
(3, 'Rúcula'),
(4, 'Albahaca');

-- -----------------------------------------------------
-- Table `DAM`.`Dispositivos`
-- -----------------------------------------------------
DROP TABLE IF EXISTS `DAM`.`Dispositivos` ;

CREATE TABLE IF NOT EXISTS `DAM`.`Dispositivos` (
  `dispositivoId` INT NOT NULL AUTO_INCREMENT,
  `nombre` VARCHAR(200) NULL,
  `ubicacion` VARCHAR(200) NULL,
  `electrovalvulaId` INT NOT NULL,
  PRIMARY KEY (`dispositivoId`, `electrovalvulaId`),
  INDEX `fk_Dispositivos_Electrovalvulas1_idx` (`electrovalvulaId` ASC) ,
  CONSTRAINT `fk_Dispositivos_Electrovalvulas1`
    FOREIGN KEY (`electrovalvulaId`)
    REFERENCES `DAM`.`Electrovalvulas` (`electrovalvulaId`)
    ON DELETE NO ACTION
    ON UPDATE NO ACTION)
ENGINE = InnoDB;

INSERT INTO `Dispositivos` (`dispositivoId`, `nombre`, `ubicacion`, `electrovalvulaId`) VALUES
(1, 'Sensor 1', 'Tomate', '1'),
(2, 'Sensor 2', 'Lechuga', '2'),
(3, 'Sensor 3', 'Rúcula', '3'),
(4, 'Sensor 4', 'Albahaca', '4');

-- -----------------------------------------------------
-- Table `DAM`.`Mediciones`
-- -----------------------------------------------------
DROP TABLE IF EXISTS `DAM`.`Mediciones` ;

CREATE TABLE IF NOT EXISTS `DAM`.`Mediciones` (
  `medicionId` INT NOT NULL AUTO_INCREMENT,
  `fecha` DATETIME NULL,
  `valor` VARCHAR(100) NULL,
  `dispositivoId` INT NOT NULL,
  PRIMARY KEY (`medicionId`, `dispositivoId`),
  INDEX `fk_Mediciones_Dispositivos_idx` (`dispositivoId` ASC) ,
  CONSTRAINT `fk_Mediciones_Dispositivos`
    FOREIGN KEY (`dispositivoId`)
    REFERENCES `DAM`.`Dispositivos` (`dispositivoId`)
    ON DELETE NO ACTION
    ON UPDATE NO ACTION)
ENGINE = InnoDB;

INSERT INTO `Mediciones` (`medicionId`, `fecha`, `valor`, `dispositivoId`) VALUES
(1, '2020-12-09 16:00:00', '51', '1'),
(2, '2020-12-09 16:00:00', '66', '2'),
(3, '2020-12-09 16:00:00', '47', '3'),
(4, '2020-12-09 16:00:00', '38', '4');

-- -----------------------------------------------------
-- Table `DAM`.`Log_Riegos`
-- -----------------------------------------------------
DROP TABLE IF EXISTS `DAM`.`Log_Riegos` ;

CREATE TABLE IF NOT EXISTS `DAM`.`Log_Riegos` (
  `logRiegoId` INT NOT NULL AUTO_INCREMENT,
  `apertura` TINYINT NULL,
  `fecha` DATETIME NULL,
  `electrovalvulaId` INT NOT NULL,
  PRIMARY KEY (`logRiegoId`, `electrovalvulaId`),
  INDEX `fk_Log_Riegos_Electrovalvulas1_idx` (`electrovalvulaId` ASC) ,
  CONSTRAINT `fk_Log_Riegos_Electrovalvulas1`
    FOREIGN KEY (`electrovalvulaId`)
    REFERENCES `DAM`.`Electrovalvulas` (`electrovalvulaId`)
    ON DELETE NO ACTION
    ON UPDATE NO ACTION)
ENGINE = InnoDB;

INSERT INTO `Log_Riegos` (`logRiegoId`, `apertura`, `fecha`, `electrovalvulaId`) VALUES
(1, '0', '2020-12-09 16:00:00', '1'),
(2, '0', '2020-12-09 16:00:00', '2'),
(3, '0', '2020-12-09 14:00:00', '3'),
(4, '0', '2020-12-09 16:00:00', '4');

SET SQL_MODE=@OLD_SQL_MODE;
SET FOREIGN_KEY_CHECKS=@OLD_FOREIGN_KEY_CHECKS;
SET UNIQUE_CHECKS=@OLD_UNIQUE_CHECKS;
